id;Sentence;Correct_classifications
454;   3204574 # The percentage of students considered proficient in English and math on state tests are now close to the statewide average;non-evaluative
119;   Gas-powered leaf blowers are noisy and bad for the environment. Boston will soon consider what to do about them. # A professional landscaper uses a leaf-blower in a;non-evaluative
355;  - crocodiles and hippos are common in the Zambezi, and they're not exactly considered friendly locals. We know we won't be able to hold any adrenalin junkies;non-evaluative
492;  , and that sex need not lead to marriage. In 1962, this was considered shocking. # The impact of The Pill was even more radical. It meant;evaluative
166;  , Anubhavangal Palichakal, Vazhvemayam and Kadalpalam. # Many of Sethumadhavan's movies are considered landmark and path-breaking. Odayil Ninnu told the story of a rickshaw puller called Pappu;non-evaluative
191;  , as you can see in some of the video clips I reference below. Consider this your warning if you're queasy with blood. Season 2, episode;non-evaluative
374;  , died seven months on from the blaze # Maria del Pilar Burton is now considered the 72nd victim of the fire, despite dying in January after experiencing a stroke;evaluative
4;  , Engr. Rabiu Kwankwaso, National Executive NEC and NWC did not consult and consider the leaders and stakeholders of the party across the state before choosing the new logo;non-evaluative
145;  , however, it may be a better idea to put it off. # Consider the fact that rents are going up steadily across the country. Over the first;non-evaluative
260;  , in the event the whistleblower omits key facts about the alleged fraud. # Consider Options for Resolving Whistleblower Claims # After reviewing the investigation findings of facts and applicable;non-evaluative
316;  , in the recent past. When monies are invested many aspects have to be considered for safety, despite the fact that rates of Interest are very attractive. #;non-evaluative
187;  , peers said. # It comes as the Nationality and Borders Bill is being considered by MPs in the Commons at report stage for a second day before a third;non-evaluative
130;  , people were working for a construction industry or housekeeping service, and they were considered an employee. So, during the time they were employed, taxes were withheld;non-evaluative
469;  , precious metals) have investment trade-offs, and silver's risks are important to consider. # 6. Government today is silver's friend: Amidst global fiscal excess;non-evaluative
485;  , really good, but if you're not ready to spend the money, consider the free alternative, Pastefire (homepage). It's not quite as good;evaluative
281;  , Sean Conley, the president's physician, said Mr. Trump was no longer considered a transmission risk to others but didn't say whether Mr. Trump continues to test;non-evaluative
3;  , there should be no more gathering here or anywhere. Any of such is considered illegal and unlawful since it has been called off and if any of such gathering;evaluative
146;  , too. # For now, with enough complete, it seems time to consider the way the deals that have been completed have changed the NBA power structure,;non-evaluative
436;  , with over 70 per cent of its revenue coming from exports. # When considering exports, many entrepreneurs get worried about different cultures, languages and business practice.;evaluative
320;  , with Uruguay, Ecuador, Japan and reigning champions Chile. Uruguay can be considered second-favourites after Brazil. Statistically, they were the best South American team at the;non-evaluative
389;  : Israel's defence capabilities # Despite of its geographically small size, Israel is considered to be a military superpower. Israel's indigenous military technology is considered high quality;non-evaluative
104;  ? irc U? Chaoimh date with world champion Springboks # GAA Central Council to consider request from Cork GAA on Saturday. # TIME TO SHINE: Cork GAA has;non-evaluative
441;  . # And as these videos show, the magistrates are almost always unwilling to consider lowering someone's bail or providing a personal bond if they ask -- and,;evaluative
152;  . # And in rural Cochise County, supervisors planned to meet later Wednesday to consider appealing a court ruling that had blocked a full hand-count. # A day before;evaluative
192;  . # As we start a new trading week there are a few things to consider. Firstly, what does the Fed think about the sharp rise in Treasury yields;non-evaluative
340;  . # He contends that the board has failed to adequately assess his case and consider the systemic and background factors of racism and colonialism that impact Nickerson as an Indigenous;evaluative
139;  . Another $11 billion is set aside for R&D, with $2 billion for projects considered important by the Pentagon. # Intel alone hopes to secure $12 billion of the;non-evaluative
307;  . It comes from being you, which sometimes first requires finding yourself. # Consider making a to-do list. A to-do list is very useful for making sure you;non-evaluative
368;  . New York was ranked as the most influential city today, but it's considered only the second most important city of the future. # Mario Tama / Getty;non-evaluative
346;  . Once part of the ancient Greek city of Akragas, the structures are now considered a UNESCO World Heritage Site. All can be seen on a tour, but;non-evaluative
180;  . Peru's concerns follow confusion over the US Federal Aviation Administration's right to consider foreign domestic issues under its safety assessment programme.... # Qantas and British Airways;non-evaluative
155;  . Please review our current Faith Groups list for information on which faith groups are considered to be Christian faiths. Christian members please remember to read the Statement of Purpose;evaluative
121;  . The 60-day meeting of the Legislature began hashing out the state budget, and consider sweeping proposals on education, medicare, and policing last month. # Cedar Attanasio;non-evaluative
287;  . While a ball change might possibly help your score, there are things to consider. First question: What shot is preventing you from shooting in the low 70s;non-evaluative
156;  ... I say - - people can have their motives for what they consider to be evidence and how they interpret things they discover. # I think of;evaluative
168;  're looking for opportunities that will improve this aspect of your life, should seriously consider getting a diploma in supply chain management. Supply Chain and Logistics are two very;evaluative
404;  's 42 games. # His quick transition is all the more impressive when you consider that it was an era of English football when foreigners were still relatively scarce.;non-evaluative
25;  's a wealth of knowledge to be gained from past errors and emotional trends. Consider jotting down your emotions and discussing them, which can provide you with more clarity;non-evaluative
378;  ) -- have launched Take Five to Stop Fraud which urges people to stop and consider whether the situation is genuine: to stop and think if what they are being;evaluative
66;  ) # Let's be honest, if you have a pet, you probably consider them to be your fur baby, right? # So it would only stand;non-evaluative
452;  # As recently as five years ago, buying a record-pressing facility might have been considered a dreadful investment unless you also had a time machine to go with it.;evaluative
5;  # Foreign Office Spokesperson Mumtaz Zahra Baloch while addressing weekly press briefing said that Pakistan considers the act of the Acting Afghan Consul General as reprehensible, saying this has hurt;evaluative
205;  # If you don't like the taste of CBD oil under your tongue, consider mixing it into food or drinks, although this may affect absorption rates. #;non-evaluative
13;  # Mamata Banerjee was addressing Khorbona, a place close to Mukutmanipur, the region considered as the home of tribes like Santal, Bhumij, Sardar and Munda. #;evaluative
489;  # New Deal, Fair Deal # Not unlike Obama, the first president to consider pushing a national health care plan governed at a time of economic uncertainty: Franklin;non-evaluative
432;  # RAY LEONARD # Blessington, # Co Wicklow. # Sir, -- I consider it somehow deliciously Irish that the anti-austerity movement in their campaign against water charges are;non-evaluative
277;  # Screening of pregnant women for HIV is standard of care in most countries and considered to be a cost-effective strategy for reducing the risk of transmission to the baby.Women are;evaluative
144;  # So if you don't overdo it on the last day of 2022, consider going to Northampton's Academy of Music on Jan. 2 at 3 p.m. to hear;non-evaluative
219;  # Story # 0 out of 5 stars 0 # Laugh, cry, and consider the possibilities with Jill as she deals with autism, epilepsy, Alzheimer's,;non-evaluative
297;  # The chief executive of the committee, Toshiro Muto, has said it would consider cutting back the relay to limit the spread of the coronavirus, but no details;evaluative
383;  # The club shared a clip of the goal on Twitter, urging FIFA to consider Scarpa's strike for this year's Puskas Award, which is given to the;non-evaluative
198;  2022 Eligible # This draft position feels like the floor for Rattler, who many consider to be the pre-season frontrunner to win the 2021 Heisman. Rattler was a highly;evaluative
48;  2023, 06:45 PM # Rambagh Palace, Jaipur, India # Asia is often considered the most diverse continent in the world. From winter escapades to tropical retreats,;evaluative
67;  25 cm, with the possibility of up to 35 cm over localized areas. Consider postponing non-essential travel until conditions improve. Visibility may be suddenly reduced at times in;evaluative
274;  6,521 U.S. workers # This financial services firm, based in Monett, Mo., considered its flexible work arrangements as a major benefit even pre-pandemic. Workers can telecommute or;evaluative
444;  700,000,000 labour force and a total of 5,000 aircraft. # Russia Russia was once considered to be the most powerful army in the world. The country has over eight;evaluative
224;  76%of retail investor accounts lose money when trading CFDs with this provider. You should consider whether you understand how CFDs work, and whether you can afford to take the;evaluative
299;  a 0.212 blood alcohol level when she was arrested. A driver in Michigan is considered legally intoxicated with a blood alcohol level of 0.08. # ARSON: Battle Creek;non-evaluative
222;  a bike accident and they flew him abroad, why: Because Buhari and Aisha considered their son's life valuable. So also must they consider the life of even;non-evaluative
391;  a healthy debate. We want our readers to be responsible while commenting and to consider how their views could be received by others. Please be polite and do not;evaluative
420;  a healthy debate. We want our readers to be responsible while commenting and to consider how their views could be received by others. Please be polite and do not;evaluative
385;  a matter of urgency, and we today recommend that the KZN Health Department urgently considers: # - A special committee must be established in KZN to oversee the findings;evaluative
263;  a morally impoverished society, but nonetheless happy in every other respect? Do we consider the question of poverty in relation to the ideals set by a commodified society,;non-evaluative
357;  a participatory and engaging narrative in which she picked up people from the audience to consider the case of Madam Wachu, a good Gikuyu woman who dared to question the;non-evaluative
284;  a while versus a relatively new patient or specific pharmacy dynamics that we should be considering on this sort of quarter-over-quarter decline you saw on refills? Thanks so much.;evaluative
164;  accounts lose money when spread betting and/or trading CFDs with this provider. You should consider whether you can afford to take the high risk of losing your money. #;non-evaluative
165;  accounts lose money when spread betting and/or trading CFDs with this provider. You should consider whether you understand how spread bets and CFDs work and whether you can afford to;non-evaluative
382;  action and triumph of due process and rule of law. # With the well considered judgement of the Court of Appeal, Abuja Division on the matter, it is;non-evaluative
276;  add in the specifics to narrow down your options. Both things need to be considered when you're looking for a new career. # Can you afford to make;non-evaluative
338;  added that it's not just the cutting tools themselves that an operator needs to consider. Having a rigid setup with the cutting tool fully inserted into the toolholder to;non-evaluative
78;  advisor who can help you achieve your financial goals, get started now. # Consider a few advisors before settling on one. It's important to make sure you;non-evaluative
414;  Affairs Research at the University of Nebraska at Omaha. # The percentage of Nebraskans considered poor and near-poor fell in 2015, to 16.6 percent of Nebraskans having incomes under;evaluative
325;  Africa was the 6th riskiest country, according to Gallup respondents. And when you consider South Africa has one of the highest homicide rates in the world (30 deaths;non-evaluative
109;  agreement over a new contract with Bukayo Saka, reports Fabrizio Romano. The Gunners consider a new deal for the 21-year-old winger a top priority, and talks that have;evaluative
309;  allowed and councillors can not stand up for points of order. A quorum is considered only when a resolution has to be taken at the end of the proceedings,;evaluative
267;  always so frustrating to see someone come this far and then give up, especially considering all the other players who fought tooth and nail to get to the final and;non-evaluative
399;  analysts interpreted as a move to do a share buyback. Infosys is expected to consider a buyback of up to $2.5 billion.;non-evaluative
283;  and 4 years depending on site-specific engineering considerations and on the number of installations being considered. In prior actions, EPA has noted 39-48 months as appropriate for regionwide actions;non-evaluative
245;  and can theoretically be done from anywhere in the world. But what should you consider when planning and hiring for roles that will be based remotely 100pc of the time;evaluative
217;  and commanded the Theban women to cease their worship of her, explaining that she considered herself far superior to Leto, who had but two children, while she had;evaluative
429;  and in writing. # The ministry's official response is that it was not considering a judicial review'' at this stage''. # Ministry infrastructure manager;evaluative
449;  and information and privacy adjudicator, a standing committee of the legislature must consider and recommend an appointee within six months of a vacancy. The lobbyist registrar must;non-evaluative
232;  and met death while treating patients at private hospitals. Yet, they were not considered for compensation, just because they served the people from the other side of the;evaluative
74;  and remain on the sidelines for a steep pullback to digest its recent optimism before considering adding exposure. # Rating: Hold. Please note that a Hold rating is;evaluative
24;  And while the spotlight is understandably on consumers, it's important business leaders also consider another critical stakeholder -- their employees. # When someone uncovers, reads about,;non-evaluative
302;  answered trade offers for Adams, but put the price so high that he was considered virtually untouchable. # Really, to a certain point, you understand Adams';evaluative
11;  any translation-related ambiguity between the Hindi and English versions, the English version shall be considered definitive. NIFT 2024 admit card: How to download # The steps below;evaluative
373;  are rarely considered VIP clientele, which is why The Luxury Student is such a fascinating business concept;non-evaluative
176;  are still finding it difficult to fill job openings. # With hospitality roles often considered irregular work at unusual hours at the best of times, the added impact of;non-evaluative
208;  as well as for you. Before deciding to trade foreign exchange you should carefully consider your investment objectives, level of experience and risk appetite. The possibility exists that;non-evaluative
93;  attacks on minorities, especially Muslims. # Several Indian states have passed or are considering anti-conversion laws that challenge the constitutionally protected right to freedom of belief. In 2019;non-evaluative
136;  Automatic Rifle: The British were quite impressed with the BAR, and they strongly considered the weapon (in.303) until 1930, when they decided to move forward;non-evaluative
179;  BANNED from Premiership matches. # Wasps, whose supporters group asked the club to consider out-lawing the caricature headdresses, are looking into the issues. # 2 # Luke;non-evaluative
7;  based on the multilateral Global South. Therefore, supporting business activity and enterprise is considered a priority for leaders of all BRICS countries. # As always with much fortitude;evaluative
97;  be given due weightage, when the cases of Judicial Officers for transfer are being considered. (Para 41) Ms. X v. Registrar General, 2022 LiveLaw (SC;evaluative
369;  be having a decent-sized wager on the six-year-old this afternoon. # At Beverley, consider backing the old veteran Take Cover, which was trading at 11/4 yesterday evening for;non-evaluative
335;  be one of those things that an actor who is serious about their art must consider a huge bummer. I can't imagine how exhausting, draining, and annoying;evaluative
352;  because of criminal pasts, are already prohibited from possessing firearms by existing statutes. Consider the case of Baltimore, where, according to the Baltimore Sun, 85 percent;evaluative
394;  been assessing the ranks of the institutes at the global level since 2004. It considers academic performance, teaching methods, research works, international outlook, industry income and;evaluative
125;  between him and DeSantis. # DeSantis, a former U.S. congressman, is widely considered a top Republican contender to run for the White House one day. The governor;non-evaluative
433;  bike for approximately the same amount of money. It took me many years to consider trying a women's specific bike. Last year I had two. One for;non-evaluative
84;  billion for domestic disaster relief. # Advertisement # The House, if it does consider legislation for a temporary extension, would cut spending by 8 percent for all federal;non-evaluative
185;  blocker. If you like road.cc, but you don't like ads, please consider subscribing to the site to support us directly. As a subscriber you can read;evaluative
430;  born in Malaysia but his family moved to Northbridge when he was young and he considers himself a north shore local, hence the decision to open in neighbouring Castlecrag.;non-evaluative
332;  both of which countries in common with Scotland lack apex predators, into consideration whilst considering the future status of our newly re-introduced species. # I, for one,;evaluative
124;  business leaders keen on finding investors. # The Los Angeles Board of Supervisors is considering a motion today that would clamp down on illegal street vendors. The motion,;non-evaluative
214;  but that night are released without being charged. Investigators announce they are no longer considered suspects but do not say why. # Feb. 16: The police say they;evaluative
257;  but the court will not order disclosure unless satisfied that there are reasonable grounds to consider the expert's statement of instructions (as contained in the expert report) to;non-evaluative
462;  bylaw enforcement agencies, there remains the possibility of civil action before the incident is considered fully resolved.;non-evaluative
348;  Candidates for office at any level of government, and from any party, should consider universal broadband access a policy priority. On its surface, broadband access can seem;non-evaluative
46;  capitalize on the unacknowledged grandchild, a person familiar with the discussions said. They considered a response and decided then that they would say Biden had only six grandchildren and;non-evaluative
403;  care of their half of that equation by no means seemed like a given, considering how poorly they had played against Los Angeles. # But sneaking into the playoffs;evaluative
415;  CBN had continued to sell dollars daily on the interbank market, its efforts were considered weak and inadequate, Reuters reported. # Copyright PUNCH. All rights reserved.;evaluative
312;  Chicago, to an NFC North title and their first playoff berth since 2010. Consider: Mack's 12.5 sacks were nearly as many as the 13 the Raiders had;non-evaluative
261;  companies to reassess over recent months, reflecting on whether past actions may have been considered racially insensitive and making moves to address them. # Disney is one of these;evaluative
238;  convolution enhances the cooperation of agents by allowing the policy to be optimised by jointly considering agents in the receptive field and promoting mutual help. 2 Measuring the Reliability;non-evaluative
289;  course, many workers have managed to retain their jobs, whether because they're considered essential or because they've been able to shift to a remote setup. If;non-evaluative
381;  credence to the positivist argument that Sociology should and ought to value free since it considers the origins of unemployment as a part of the social structure, hence unemployment becomes;non-evaluative
342;  criminal and civil cases. # Pennsylvania may become something of a bellwether as it considers these questions this month. In 2016, the state house passed a bill with;non-evaluative
17;  cruising altitude, even in young and healthy adults. Anything lower than that is considered hypobaric hypoxia, or low blood oxygen levels at high altitude. Alcohol is already;evaluative
422;  darker pages such as the mass deportations and massacres of Armenians from 1915 that Yerevan considers genocide. # But Erdogan, whose politics mixes political Islam with a growing streak;non-evaluative
428;  Delhi court to consider chargesheet against Pachauri today # A court in New Delhi will consider filing a charge-sheet today against environmentalist R.K. Pachauri who is embroiled in charges of sexually;evaluative
117;  deploy the district guard. Instead, crucial time was lost while the request was considered inside the Pentagon, and protesters rampaged through the building. # A coalition of;evaluative
251;  developers within a holding pattern, learning towards familiarity over innovation. I've always considered Assassin's Creed controls like vehicle handling: it lacks the precision some people want;evaluative
33;  diagram is divided from all of the experts (green nodes). Let's consider the case in which the experts are metallurgists who can tell the difference between real;non-evaluative
328;  Digital, Culture, Media and Sport (DCMS) said the Gambling Commission could consider payment providers as part of its review of gambling on credit cards, writes today;non-evaluative
250;  disruption further adds to this uncertainty # The Group has financial resources which the Directors consider are insufficient to fund the Group's committed expenditures and thus acknowledge that additional funding;evaluative
266;  Dividends? # As well as measuring the share price return, investors should also consider the total shareholder return (TSR). Whereas the share price return only reflects;non-evaluative
471;  double major, who was also in the College Honors Program, asked graduates to consider the series of challenges it took them to get to this point, and preserve;non-evaluative
298;  Doug Foster. # Foster is considered the suspect in this case, and is considered armed and dangerous. # Do no approach him or the suspect vehicle, call;non-evaluative
110;  draws near! Command? Nadia and Kat look back on a turbulent year and consider everything that's happened: game delays caused by COVID-19, Microsoft's Bethesda acquisition;evaluative
264;  economic slumps -- something Finance Minister Bill Morneau has signalled the Liberals are willing to consider. # Get the latest in your inbox # Never miss the latest news from;evaluative
6;  effective retirement strategy. In addition to saving in a pension scheme, you should consider other investments such as government bonds and money market funds. Money market funds,;non-evaluative
292;  effort to pressure Ukraine to investigate his political rivals and are pushing the Senate to consider new documents and testimony. Online Public Information File # Viewers with disabilities can;evaluative
45;  Enterprise (CPPE), has suggested that the Nigerian National Petroleum Company Limited(NNPCL), considers a direct intervention measures by adjusting its petrol pump price as the rise in the;non-evaluative
29;  every twist and turn. America's future hangs in the balance. Would you consider contributing to support our journalism and keep it free for all during this critical season;non-evaluative
86;  example, contact through the helpdesk or chat room. Often, the poker room considers your actions as a transfer of chips between members. Can you play with;non-evaluative
392;  exclusively the art of keeping time for women -- rightly so and quite timely, considering women now make up the fastest-growing and yet still largely-untapped pool of serious consumers in;non-evaluative
419;  expand its gasoline hybrid technology development, the world's largest automaker said it would consider selling complete powertrain modules - engines, transmissions and other drive components - to its;non-evaluative
122;  Factor In Required Resources # When prioritizing technology projects, the most important thing I consider is how each project impacts business objectives or presents a risk to the organization if;non-evaluative
247;  failures is one of the biggest and most daunting challenges to face. # I consider myself very lucky to be working with extremely supportive supervisors, who clearly have in;non-evaluative
23;  flagshit show, which is also helmed by Strictly host Claudia Winkleman, producers are considering runner-up Mollie Pearce and winner Harry Clark. # It comes after bosses reportedly approached;non-evaluative
345;  flow. Talk to a health coaches to know more about what supplements you should consider. # (Ms. Preety Tyagi is a Nutritionist and founder of MY22BMI) #;non-evaluative
12;  following an assessment which may take about 1-2 months. # Aurobindo said it may consider the option of doing site transfer of certain key products from Unit-3 to the new;non-evaluative
293;  for a second before the snap. A receiver who fits this exception is not considered to be in motion. # It is a false start if all 11 offensive;non-evaluative
225;  for failing to meet those goals. # The STP set a high bar, considering how low the base of genuine transformation had been to that point. Despite initial;non-evaluative
487;  for over 22,000 bounced and led to problems with my bank that are currently being considered by the Banking Ombudsman. I have tried to contact by email several UK bodies;evaluative
290;  for this trip. Meta # Do you value your experience at TMC? Consider becoming a Supporting Member of Tesla Motors Club. As a thank you for your;non-evaluative
397;  for three years, said he. # Among the functions, the Committee would consider the case as deemed fit in the circumstances of the case and would forward the;non-evaluative
343;  fragile child in the state. However, there are 300 children in the state considered medically intensive enrolled in a Medicaid fee-for-service or managed care plan. # When Weeping;non-evaluative
484;  from a sideline business or trade as a sole proprietor. # You are also considered a provisional taxpayer if you receive taxable income from property rental, interest or dividends;non-evaluative
16;  GoM is expected to submit its report by October, allowing the GST Council to consider the findings at its November meeting. # The GoM will be led by Bihar;non-evaluative
98;  government over several deaths due to spurious liquor in Saran district and asked him to consider rolling back the liquor prohibition. # At least five people died after consuming the;non-evaluative
153;  group brings joy. Credit: Shutterstock # Digital programming and virtual interactions, initially considered to be stop-gap measures during the first few waves of the pandemic, may now;non-evaluative
439;  grow at a double digit growth rate between 2016 and 2022. The base year considered for the study is 2015 and the forecast for the market size is provided for;evaluative
106;  hard to bring in the Wales international. Forest are said to be willing to consider an offer of? 18m. 43891306 # Get a;non-evaluative
364;  has a house in their name and this is the first house. If we consider the combined household income of Rs 11.50 lakh, you will fall under the category;non-evaluative
400;  has been opposed by many. SC member Pankaj Garg said the proposal was being considered due to the delay in the admission process, but it should be approved by;non-evaluative
131;  have a small family but like to entertain guests, you may still want to consider a larger size to accommodate that. And if you live in a smaller home;evaluative
160;  have so recently provided ammunition to the establishment designed to dismember Christmas. Let us consider some truths about Jesus Christ. # Jesus Christ was no bandit and he did;non-evaluative
265;  He was one of those people who is lit from inside, but who never considered himself too special. Matt was always one of those friends you sort of wish;non-evaluative
450;  he's interested, but Stanley Cup-winners Joel Quenneville and Darryl Sutter have to be considered. # Team Canada general manager Doug Armstrong also mentioned Alain Vigneault as someone who;non-evaluative
440;  heads back to Gloucester High School for his senior year as the U.S. Supreme Court considers whether to intervene in his case that challenges the county school's policy barring him;non-evaluative
60;  here 97983258 NHS Scotland's challenges must be considered in context NHS Scotland's challenges must be considered in context # The new;non-evaluative
370;  here and despite working working all over the world for many years, I still consider the Border region as home and feel a close affinity to the local community.;non-evaluative
424;  here. # Delhi government had set up a high level committee in August to consider various demands of the guest teachers in the national capital, including fixing their salaries;evaluative
337;  His guilty plea, which -- given the likely volume of disclosure -- would be considered early and significant. # His reported co-operation with the RCMP roadside. # His;evaluative
18;  his wife and newborn daughter.' When Breath Becomes Air' challenges readers to consider death, love, and how we can discover meaning even in the face of;non-evaluative
177;  hosting, office space, legal costs and software subscriptions. # You need to consider what capabilities you have in your founding team, and therefore what skills you need;non-evaluative
426;  how you shape your eyebrows. Don't you know you belong to everyone, considering how every man on the street who catches the fancy to grab your breasts,;non-evaluative
206;  huge bubble building, so you will want to be extra careful if you are considering investing -- or, really, be prepared to lose everything you put in.;evaluative
371;  Image: Paul Stallard / Western Daily Press.) # W. G Grace is considered one of the greatest ever cricket players of all time. He was born and;non-evaluative
132;  in a better position heading into his league suspension. One option the league was considering was suspending him indefinitely until the legal proceedings completed. Taking the cases to trial;non-evaluative
423;  in adventure sports in India, it may be a good idea for you to consider the adventure sports add-on protection. Since this policy is the first of its kind;non-evaluative
149;  in London. # And the proposal is rife with this type of injustice. Consider: The Cross Bronx Expressway, which runs through neighborhoods with the highest prevalence of;non-evaluative
102;  in net zero will become a get-out-of-jail-free card for those pushing fossil fuel expansion. Consider the evidence. Before the UN Climate Conference in Glasgow last year, Scott Morrison;non-evaluative
460;  In Opinion Viewpoints # It's that time of year when many of us consider making a few resolutions for self-improvement. In the spirit of the season, it;evaluative
453;  in reinforcement, but Dougherty said almost 50,000 buildings in Salt Lake County are still considered unreinforced masonry. # Utilities # Rocky Mountain Power is expected to shut down the;non-evaluative
240;  in the country except for the semi-autonomous Kurdish region, and there only for trips considered essential. # In its advisory, the Foreign and Commonwealth Office said the security;evaluative
398;  in the state election. # The next Chief Minister, Akhilesh Yadav, otherwise considered gen next politician, gave in to the decade-old superstition. Mr Yadav didn't;non-evaluative
213;  injury, and he's the driving force behind this defense. Cousins should be considered a low-end starter in most leagues on Thursday night. Running Backs Weekly;non-evaluative
216;  international travel to Zambia. Travelers at increased risk for severe illness from COVID-19 should consider postponing all travel, including essential travel, to Zambia. # COVID-19 risk in;evaluative
269;  investigation has found. # First the Sheriff's Office generates lists of people it considers likely to break the law, based on arrest histories, unspecified intelligence and arbitrary;non-evaluative
310;  investor, local or foreign, to focus only on empty political assurances and not consider the implications of the parliamentary vote to amend section 25 of the constitution. #;evaluative
446;  is a serious cost to the nation and to ordinary people paying tolls. # Consider this. On the one hand we see a year on year growth of 10%;non-evaluative
329;  is certainly quite likely that many Canadian organizations doing business in California will need to consider how the CCPA may affect their processes and risk. # Summary # The Desjardins;non-evaluative
220;  is only when and where you do not get suitable indigenous engineers that you now consider the foreign option and even when you take the foreign expertise are taken, there;evaluative
411;  is the perception of noise or ringing in the ears. The condition itself is considered a symptom of an underlying condition, such as age-related hearing loss, ear injury;non-evaluative
326;  Is Tweed? # Though tweed may have aristocratic associations, the fabric can be considered the original workwear fabric. Those of you who have worn tweed know how warm;evaluative
15;  its overseas branches between July 2017 to 2021-22. # The Indian government is not considering any relaxation in the tax demand it sent to Infosys last month. # The;non-evaluative
252;  Jackson 1990 Ch 265 at 293E. The court said that this was relevant when considering why the Bank did not ask questions that would have revealed the nature of SIB;non-evaluative
480;  Jahan, the fifth and mightiest of the Mughal rulers. His 30-year reign is considered the golden age of the Mughals. He created some of India's iconic monuments;evaluative
376;  Jay College of Criminal Justice, in a church-commissioned report on clergy sex abuse, considered that reporting lag. They still concluded that abuse numbers have declined sharply. They;non-evaluative
116;  jobs in June and July. # Nevertheless, falling participation numbers are generally not considered an economic positive. And even though Canada's overall participation rate remains healthy by;non-evaluative
226;  just one tool of public health policy. And public health decisions ultimately need to consider the broader social and economic context. While Ramaphosa's decision reflects consideration of such;evaluative
8;  K? rm? n Line, which is 62 miles above the Earth and considered the boundary with space. # It's unclear how much Blue Origin is charging;evaluative
151;  Kemp, who resisted pressure from Trump to overturn Georgia's election results, is considered a key witness. Prosecutors said in a filing this week they would like to;non-evaluative
41;  kids, but before you pull out your carpentry skills, you may want to consider how a treehouse could impact your home insurance. Building a treehouse can affect your;non-evaluative
295;  kindergartners # GRAND JUNCTION, Colo. (KKCO) -- School District 51 is considering a later cutoff date for kids starting school. # Kids in the school district;non-evaluative
285;  lack of stretch marks and baby weight. # Hill was upset with what she considered Schumer's lithe body-shaming. She responded with a recorded message of her displeasure.;evaluative
314;  lead investigator, Fred Westerbeke, telling Ukrainian prosecutors on Aug 30 that Tsemakh was considered a suspect rather than a witness and that it would be a good idea to;non-evaluative
401;  like it was like something from the Gulag Archipelago. # The Supreme Court had considered cases relating to the facility a few times. O'Connor had authored one of those;evaluative
330;  Lofty has begun to question the validity of their marriage, and is forced to consider what he really wants out of life. Sacha's daughter gives some tough advice;evaluative
306;  made you choose Law as a course of study? Was it because it was considered to be lucrative at the time? # I studied Law because I nursed the;evaluative
445;  mankind. Thus certain creatures are ridiculed, despised and destroyed merely because they are considered unclean, harmful or ugly. Others are appreciated and loved to the extent of;non-evaluative
304;  Many songs fall into that category based on sales and YouTube views. But people consider Skyscraper her most famous song. She recorded it after leaving treatment when she was;non-evaluative
237;  matter if you were rich or poor, male or female. Everyone would be considered an equal human being and an equal citizen of this country. You would have;non-evaluative
443;  Ministry. # Minister Tengku Adnan Tengku Mansor said on March 14 that they were considering the proposal to adopt Brickfields as a Blind City. # Blind people and others;non-evaluative
150;  Money isn't the only barrier to a wind-powered future. You've got to consider the sage grouse. # Just ask Erik Molvar, executive director of the Western;non-evaluative
50;  mote a more sustainable future. # Additionally, I encourage our community members to consider carpooling, using public transpor? tation when possible, and adopt? ing fuel-efficient;non-evaluative
42;  Myosotis azorica. Called nao-meesquec? as, or forget-me-nots, the purple flowers were considered extinct before a cluster of plants was discovered growing on Corvo, the Azores';evaluative
140;  National Weather Service gauge in Fort Myers. # The big picture: The NHC considers storm surge, or an abnormal rise of water generated by a storm, to;evaluative
386;  not have sovereignty over it. Because of this, Benham Rise can not be considered part of Philippine national territory, according to Supreme Court Senior Associate Justice Antonio Carpio;non-evaluative
318;  notwithstanding their aggregate 33 percent marks in the test for working knowledge of Urdu is considered and decided. The petitioners, through their Counsel Abhinav Sharma, pleaded before the;evaluative
175;  now be tabled in parliament on Wednesday afternoon to allow the committee more time to consider evidence. # A Senate committee has been looking at what led to the ministerial;evaluative
479;  now, before I sign a film, I consult Lalu ettan, as I consider him as my mentor. It is his confidence in me that motivates me,;non-evaluative
301;  numbers ticking up to more than 20% in Orange, still far from what is considered typical during the summer season. # While hotels are still struggling, hospitals are;non-evaluative
273;  Oct. 2, 2020, a rare disclosure that shed light on the evidence jurors considered in the proceedings. (Xavier Burrell / The New York Times) # Virginia;non-evaluative
209;  of a proposal. # When evaluating NSF proposals, reviewers will be asked to consider what the proposers want to do, why they want to do it, how;non-evaluative
246;  of fellas in their 30s is a bit of scaremongering and irrelevant enough when you consider Andy Moran won Footballer of the Year at 33 and was contested by his goalkeeper;non-evaluative
123;  of millions of Americans are now eligible for another shot. Federal health officials initially considered limiting second boosters to those at least 60 or 65 years old. But at;non-evaluative
53;  of monopolies and never ending love from National. # What we need to be considering is an ongoing active direct subsidy to NZ Farmers to buy food for Kiwis and;non-evaluative
71;  of the Massachusetts Municipal Association, said the Legislature should create a special commission to consider how the Supreme Court ruling may affect municipal tax collection.Many municipalities already consider the tax-taking;non-evaluative
14;  of the Rajasthan State unit in 1990 and later as its President in 2008. Considered to be a shrewd electoral strategist, Mathur has been in charge of the party;evaluative
142;  of this -- the general idea of rights -- were not so important because they considered that socialism would fix all those problems. # This inattentiveness to feminism and to;evaluative
258;  often frail and nearing the end of their lives but that does not mean we consider any of these cases to be inevitable or we don't do everything we possibly;non-evaluative
300;  on revenue up 2 percent to? 7.6 billion. # It said it would consider paying a dividend at the year end in the light of trading for the full;non-evaluative
182;  on Twitter Monday, reiterating this point in several TV interviews. # Spahn, considered a potential candidate to run for chancellor in this year's national election, has;non-evaluative
457;  operating in the resources sector will need to consider the implications of the Personal Property Securities Act as the end of the transitional protection;non-evaluative
21;  or adverse impacts which indicate that the application should be refused. It is therefore considered that the proposed development would achieve sustainable development which should consequently be approved subject to;non-evaluative
22;  our dedicated American team. 106059766 # When you consider President Biden's age, his detractors say, you get 81 reasons why he;non-evaluative
262;  ourselves good and therefore worthy to enter the kingdom of heaven, we fail to consider that God holds us to account, not only for our actions but our thoughts;non-evaluative
80;  overall happiness at work. LinkedIn data shows that 70% of Americans say they'd consider leaving a job for other opportunities that better align with their values -- particularly when;evaluative
362;  Pakistan improve the quality of human resources, especially of the youth. China will consider setting up an agricultural technology demonstration center in Pakistan to improve local agricultural technology,;evaluative
239;  panel to all prospective buyers, to get a seat at the table and be considered for sale. # There are a number of costs currently incurred by a house-buyer;evaluative
241;  per cent, the maximum sanctioned under the nuclear deal and a level that is considered optimum for commercial generation of electricity. # The consecutive announcements by Iran, that;non-evaluative
129;  picked out a few of our favorites. # To escape the cold weather, consider a trip to Las Vegas for a thrilling weekend away. You can get a;evaluative
1;  pole dancers have my greatest respect. However, I think we also have to consider that pole as a practice is constantly evolving. People do pole for so many,;evaluative
361;  police because she said she did not realize at the time that it could be considered criminal behavior. # Douglas's second wife, Catherine Zeta-Jones, whom he married;non-evaluative
39;  potential and actual conflicts. Cannabis Conflicts Framework # Anyone new to conflicts should consider going straight to the source and reading the American Bar Association's Model Rules of;non-evaluative
163;  Premier says he regards Magashule's remarks as malicious defamation of his character and is considering legal action in the matter. 62906273 Help;evaluative
380;  President Uhuru Kenyatta's Jubilee party ticket, since the dossier from EACC was not considered by IEBC in clearing candidates.;non-evaluative
55;  Prisoner advocate Greg Barns says the structural disadvantage experienced by Indigenous Australians should be explicitly considered during sentencing to address the over-representation of First Nations people in prisons. # Tasmanian;non-evaluative
87;  Progressives Congress (APC), and indeed, all those whom the state government considers' potential threats to their game of wits and desperate plot to foist an utterly;evaluative
91;  property. This means goodbye to GST vouchers and so on as they will be considered part of the child's assets. # Some parents forget this when they decide;non-evaluative
103;  Pulatov. # Although Pulatov is at large, under Dutch law he is not considered to be tried in absentia, because he is represented by lawyers. # Girkin;non-evaluative
476;  quality of your photos on the number of likes and comments they get. Consider composition and lighting. # 6. DO N'T: Flood the feed Posting one;evaluative
204;  rather than an obligation in the receiver. Competency Rules # Another wrinkle to consider is that if you want people to send referrals your way, you need to;evaluative
313;  rating is provided based on consensus of polled analysts, That is how 2 analysts consider that the company should have BUY rating, 2 rated the stock as an OUTPERFORM;non-evaluative
27;  readers on a fascinating journey down through the decades. The first stop-off is to consider who were the top ten players in each position in the GAA's 140-year history;non-evaluative
32;  readers to power our journalism. If you are not a paid reader, please consider becoming a subscriber. # Our newsroom depends on its audience of readers to power;non-evaluative
35;  really like anyway. # Anyone voting against this law, incidentally, should be considered a traitor who is subject to execution. # Oh, sorry. Not this;evaluative
483;  recently. # Stay tuned for more on the listeria outbreak tonight on All Things Considered. # With a pinch of skepticism and a dash of fun, The Salt;non-evaluative
377;  reconsideration of the current name of an officially named space. # Proposals are now considered through a set of guiding principles, outlined by the advisory committee, including pedagogy;evaluative
322;  red-stickered the building and required the Goodiers to leave the property because their house was considered dangerous and uninhabitable. # The Goodiers argued that the landslip, which claimed land;non-evaluative
193;  redistricting committee nominations # During the regular council meeting, Wager asked the council to consider its nominations for the city's redistricting committee. He'd like the council's;evaluative
115;  reflects the competing development priorities that they face. Reframing air quality management efforts to consider the multiple development benefits associated with emission reductions and cleaner air could motivate further investment;evaluative
308;  Regulator that do not allow it to recover its costs. # National Treasury had considered various measures to reduce the debt, but concluded that without reforms to Eskom's;evaluative
89;  returned the funds. # It was also learnt that talks of punitive measures were considered over the matter. # When contacted, one of the NWC members who returned;non-evaluative
40;  risk and may not be suitable for all investors. We advise you to carefully consider whether trading is appropriate for you based on your personal circumstances. Forex trading involves;non-evaluative
353;  risk and may not be suitable for all investors. We advise you to carefully consider whether trading is appropriate for you based on your personal circumstances. Forex trading involves;evaluative
366;  risk do they have of getting any disease from Duke? # It is generally considered that visiting dogs to healthcare facilities are at low risk of passing on disease but;non-evaluative
134;  risk exist. # I rate TM's financial health at a passable 86.9% and consider its valuation to be unattractive with a weighted score of 23%. # Scott Olson;non-evaluative
416;  run down of the things the President will be addressing the UN about. Having considered the topics, I think they may all be valid considering the current state of;evaluative
203;  rural areas. Despite sporadic, devastating attacks, Afghanistan's cities have long been considered relatively secure. That is no longer true. Cities have become deadly stages for;evaluative
248;  scenes from the show, like this from Season 1, tell otherwise # He considered changing the yacht's name for the show, but later changed his mind,;non-evaluative
363;  set of factors that determine an economy's level of productivity, it is widely considered the most important determinant of long-term growth. 60187989;non-evaluative
43;  Shafik set a midnight deadline, saying'' alternative options'' would be considered to clear the encampment. # The university said protesters had agreed to ensure anyone;non-evaluative
77;  skepticism, refusing a cease-fire because it would give Hamas a temporary victory, and considering a humanitarian pause only if it can be demonstrated to confer significant benefits. #;evaluative
271;  specifically created its Step 1 Equalizer Primer with oily skin in mind, and Silsby considers it the best mattifying primer for keeping you shine-free for hours -- even on a;evaluative
10;  specs are so good that you have to start wondering if there's more to consider. # For those who are fans of a hooked design Scope manages both low;non-evaluative
170;  spending ratepayers' money with scant consideration for the value we're getting. I consider the huge subsidy to run the Manawatu commuter train as a prime example of this;non-evaluative
242;  spot up targets down the field. At this stage of his development Ling is considered more of an outside player, but he does this role well. Sometimes he;non-evaluative
425;  Standard staff and is auto-generated from a syndicated feed.) Capital First to consider private placement of NCDs # On 29 December 2016 # Capital First announced that the;non-evaluative
76;  State Department designated Hamas a terrorist group in 1997, and several other nations also consider Hamas a terrorist organization. # In 2006, Hamas won parliamentary elections, and;non-evaluative
451;  State is no mere collection of psychopaths. It is a religious group with carefully considered beliefs, among them that it is a key agent of the coming apocalypse.;evaluative
95;  stock for which we need to sell some of our existing holdings, we should consider doing that. # Now what are the factors that prevent us from conducting a;non-evaluative
189;  subsjpost.com 32992199 # Houston City Council is set to consider an ordinance at Wednesday's council meeting that would enact an 18 percent raise for;non-evaluative
341;  such a creative guy, of course you're doing some stunt you didn't consider. So then the pants rip and then the second pair of pants rip and;evaluative
194;  superhero high school or the Almeraci throne room afterwards. # We also have to consider the long-term. Clark's not the kind of guy who would leave Nu Max;evaluative
321;  Support: # We need your support to survive in the media industry. Please consider paying us for the content we produce: # ' Neutral' journalist Supriya Shrinate;evaluative
54;  system in the month prior to calving through to the second round of mating. Consider mineral products that contain copper, especially for farms where high levels of iron in;non-evaluative
243;  tailored offering in view of valuable stock opportunities and any dividend cut backs to be considered amid scenarios including a prolonged market meltdown. 71933878;evaluative
2;  take pride in never placing our stories behind a prohibitive paywall. # Would you consider supporting us with a modest contribution on a monthly basis to help maintain our commitment;non-evaluative
173;  taking it on himself. # I think O'Connor almost has to be at least considered for the Wallabies Captaincy the work he is doing with the Reds. His media;evaluative
147;  Target). # If you're looking for more of a cabinet design, consider a midcentury bar cabinet ($799, West Elm) or the Cambridge mahogany bar;non-evaluative
475;  tax-deductible membership gift helps make possible award-winning programs such as Morning Edition, All Things Considered, The Diane Rehm Show, The Kojo Nnamdi Show, and other favorites.;evaluative
215;  Thank you for relying on us to provide the journalism you can trust. Please consider supporting NJ.com with a subscription. # Note to readers: if you purchase something;non-evaluative
112;  that debt quicker. For lower-interest debt, like a car loan or mortgage, consider the return you could get on your money if you invested it instead. #;non-evaluative
259;  that encourage users to respect local residents and workers by following social distancing guidelines and consider using alternative routes that do not pass through gardens, farmyards or schools. #;non-evaluative
317;  that hold immense worship value in Hindu faith and hence, Chandra Darshan is widely considered to be an important event for Hindus. The event holds immense religious and spiritual;non-evaluative
44;  that she would have let a remedial process before the district court play out before considering whether emergency intervention was warranted. # The Supreme Court's decision is a victory;non-evaluative
272;  that while the prediction based on camera parameters only (Supplementary Figure 5) also considers the quantum efficiency (Supplementary Figure 6), Fig. 2c shows the localization precision;evaluative
474;  that. The Secretary of State has only considered making provision for victims and not considered the needs of prisoners.'' # The case mostly concerns the inmates of;evaluative
395;  the ante once they are settled in at the wicket. In the middle-overs, considered the deciding period in ODI cricket, Indian batsmen have managed to combine rotation of;evaluative
228;  the car, which means Test Car, and it implies that Toyota Thailand is considering this model for their home market. The thing is, we source our Yaris;non-evaluative
315;  the case on 19-05-1998 and decided that the issue of taxes, demurrage would be considered by a committee constituted by Ministry of Water and Power with the secretary communication and;non-evaluative
178;  the country set to pass 20,000 confirmed COVID-19 cases in a day as national cabinet considers sweeping changes to isolation and testing systems. # Australia's chief medical officers met;non-evaluative
143;  the following settings to bolster security. # If you're using a passcode, consider enabling the Wrist Detection setting. This will detect when you don't have the;non-evaluative
85;  the four interceptions weren't directly his fault. # One more thing to be considered when looking at Purdy's performance: On obvious passing downs -- situations in which;non-evaluative
62;  the Houses of Parliament - and in Lancashire, where she committed what we would consider today to be' atrocities'. # She pelted an anti-suffrage MP with black;evaluative
157;  the importance of the election for both Japan and Asia. -- TARO KONO: Considered something of a maverick in Japan's largely conservative political culture, he is the;evaluative
270;  the inmate will remain fully under for the duration of their execution. # So considering issues with both of these drugs, doctors we spoke to say it's very;non-evaluative
367;  the likes of the Duchess of Cambridge and the Duchess of Sussex will not even consider due to their ever increasing public profiles, which mirror the Royal Family on a;evaluative
235;  the majority decision had been written. Therefore, the majority decision, did not consider the judgments relied upon in the dissent. # In my opinion, apart from;non-evaluative
162;  the manufacture, distribution, servicing, and maintenance of motor vehicles and components. Consider starting an automobile import business and deal with cars from Germany, the US,;non-evaluative
347;  The numbers are even higher when you don't factor in work: 81 percent consider emoji users as friendlier, period. # Getting back to work usage, the;evaluative
126;  The petition is in response to various bills in the Arizona State Legislature that some consider to be acts of voter suppression, as well as refusals by Arizona Senator Kyrsten;evaluative
183;  the prior three years. # Four in every five domestic abuse cases reported were considered violent, the data showed. # Domestic abuse made up 17% of all crime;non-evaluative
19;  The resilience of Dollarama's business model # A key fundamental reason for anyone to consider investing in a stock could be its robust business model, which can enable it;non-evaluative
339;  the road in question has to be at a certain standard for it to be considered. There can not be foundational cracking or a significant amount of pothole patching.;non-evaluative
64;  the site is for conservative movie fans to discover whether a new movie can be considered' woke' before deciding to watch. # Discussing the idea behind the site;evaluative
413;  the time he was 12 years old. The previous season, the two had considered jumping to the Greater Toronto Hockey League but couldn't secure the appropriate release.;evaluative
466;  then they do leave themselves open to corruption. # PAUL JEVTOVIC: No-one should consider themselves immune, and as I said, organised criminals are very well-versed in how;non-evaluative
421;  Therefore, while providing security to CPEC on land, maritime prong security is considered vital for overall success of the project. # Pakistan Navy has adopted a multipronged;evaluative
141;  think pugs, English bulldogs, etc.) will be pricier than ones that are considered to be healthier. # Be guided accordingly during your pet search. As mentioned;non-evaluative
169;  This failure, in my view, stems from the fact the Government didn't consider the repercussions of the Reserve Bank (RBNZ) putting its foot on the gas;non-evaluative
69;  this game-changing crossroads in the history of media and entertainment. # Another reason to consider buying Disney stock is the long-term growth potential of its streaming service. With over;non-evaluative
344;  this to a number of factors. These factors would include differences of the cohort considered from that of CPTAC Confirmatory/Discovery (e.g., CPTAC-TCGA had no renal cases which were;evaluative
478;  to be grateful if they got a pair of shoes without holes or clothes and consider themselves lucky that they got anything at all. In the same way, this;evaluative
396;  to be the prevalent treatment for diabetes so far. What other factors would you consider important to combat diabetes, now that we know more than ever about the disease;non-evaluative
159;  to in his letter. # The former Deputy Education Minister said the Speaker must consider his resignation to take immediate effect. # As a result, the North Tongu;evaluative
135;  to its own staredecisis analysis, and the factors that our doctrine instructs us to consider like reliance and workability are different for these cases than for our abortion jurisprudence.;evaluative
227;  to make urban areas more livable and truly sustainable. # For Baguio to be considered as an intelligent or smart city, I believe that we must fully make use;non-evaluative
47;  to nominate a Black woman to replace Harris. Lee was one of the people considered at the time, but Newsom ultimately chose Alex Padilla, then California's secretary;non-evaluative
410;  to reflect the country's demographics based on the 2016 census. The poll is considered accurate 19 times out of 20, with a margin of error of +/- 2.16;non-evaluative
73;  too, at least when it comes to electric bikes. Until recently, I considered VanMoof the best overall ebike, and the new VanMoof S4 remains a close runner-up;non-evaluative
408;  took part said they were aware of online degrees. Sixty percent said they would consider one as an option for their children if it were cheaper than a traditional degree;non-evaluative
61;  top U.S. shale basin, denied a media report six weeks ago that it was considering an acquisition of smaller rival Range Resources Corp. # It said at the time;non-evaluative
108;  TV) 94260073 Red Bull reportedly do not consider Adrian Newey as the reason behind their budget cap breach. Christian Horner on;evaluative
356;  under any comprehensive set of accounting rules or principles, is not intended to be considered in isolation or as a substitute for the financial information prepared and presented in accordance;non-evaluative
99;  under whose prime ministership the legislation was enacted, told The Spinoff he didn't consider himself anti-union by any stretch, but the law change was necessary because of the;non-evaluative
51;  up to 10 years from the date of its incorporation An entity shall be considered as a startup up to 10 years from the date of its incorporation MSME;evaluative
120;  upcoming, momentous media rights negotiations. # Kliavkoff and his executives are willing to consider everything. # The athletic directors and head coaches are open to anything. #;non-evaluative
244;  upgrading a batch-based process, requires in-depth chemical understanding as well as sufficient technology. Consider any industrial or API production process and it is likely to consist of a series;evaluative
234;  us, like us and want this positive news movement to grow, then do consider supporting us via the following buttons: 72306855 #;evaluative
70;  using Big Data, biometrics and voice recognition technology to track its citizens, while considering the transformation of social behaviors under an all-seeing eye, and how people are fighting;non-evaluative
88;  usually put into consideration the potential of the borrower, for example, some lenders consider students' career path and income potential to qualify them for a student loan without;non-evaluative
405;  was responding to a motion from Cllr Frank O'Flynn calling on Cork County Council to consider submissions from community organisations who may be interested in purchasing the property. He was;non-evaluative
207;  went 3-3 at Texas and Washington, and.500 ball on the road is generally considered a good benchmark -- though real contenders should fare a little better. San Francisco;non-evaluative
472;  were raised during the Commission's deliberations. However, most of the complaints were considered to be relatively' old' and most were decided in his favour. Furthermore;non-evaluative
114;  What did the females actually care about? The male's looks, which were considered twice as important as the dance moves. # Source: Photo by Marina from;evaluative
37;  when it comes to grooming. I've had frizz from regrowth. I was considering bangs and new I'd need to up my styling skills. After researching,;non-evaluative
291;  When selecting light fixtures to round out a poorly lit room, it's worth considering the mood you want to achieve -- a bedroom or library, for example,;evaluative
184;  where almost everything will be connected by the cloud to the IoT, especially when considering the environmental impact of' invisible' energy use. The applications that we demand;evaluative
188;  White & Blue # If you like variety, Biion is a great option to consider. The lightweight, all-rubber shoes with ventilation holes come in a host of color;non-evaluative
100;  who continue to pump the market (when it has clearly turned) can be considered a serious mental health problem. # Well your position is clear, and we;evaluative
336;  will not be published. # In online speak, writing in ALL CAPS is considered yelling, and may be interpreted as aggressive behaviour, which is unpleasant for the;non-evaluative
137;  with affordable coverage options, there are significant variables and factors that need to be considered before such a pilot can be implemented. The potential impact on carriers and enrollees;non-evaluative
493;  with Roberto Luongo retiring after 19 seasons on Wednesday. Florida, however, is considered the front-runner to sign Columbus starter Sergei Bobrovsky in free agency. # The 30-year-old;non-evaluative
90;  without considering your objectives, financial situation or needs. # Consequently, you should consider the information in light of your objectives, financial situation and needs. CMC Markets;non-evaluative
482;  year of eligibility. Players must be retired for at least three years before being considered. # The two-time Vezina Trophy winner is third all-time for wins by a goalie;non-evaluative
111;  you the best cycling content # If you've enjoyed this article, then please consider subscribing to road.cc from as little as? 1.99. Our mission is to bring;non-evaluative
186;  you the best cycling content # If you've enjoyed this article, then please consider subscribing to road.cc from as little as? 1.99. Our mission is to bring;evaluative
229;  your personal circumstances or objectives. Nothing in this material is (or should be considered to be) financial, investment or other advice on which reliance should be placed;non-evaluative
455;  your turn now, and if you're tired of cold winters and ready to consider all the retirement benefits Florida has to offer, there may be more good reasons;non-evaluative
171;"""  - and others - see this term as damaging and misrepresentative of Islam, and consider that it stigmatises them by encouraging stereotyping and stoking division, """" he said.,";non-evaluative
57;"""  , """" can eyes reduce traffic accidents? """" To answer this question, we consider a critical street-crossing situation in which a pedestrian is in a hurry to cross the,";non-evaluative
158;"""  , """" he added. # Ghana, he assured """" is, rightly, considered a beacon of democracy in Africa. In the same vein, we are determined,";non-evaluative
350;"""  , and they had taken action to deal with it in accordance with what they considered necessary to control the situation. """" # This story has been published on:,";evaluative
31;"""  , but it does give them the building blocks to take that forward and to consider what they might want to do when it comes to science. """" # This,";non-evaluative
233;"""  , experts, including the World Health Organization, agree that it is important to consider the effects of this pandemic on the mental health of people. # """" It,";non-evaluative
491;"""  , keep moving. """" # Despite her hardships, Suleman said she has never considered giving up some of her children for adoption. # """" I will do anything,";non-evaluative
94;"""  , Stalin said that if arbitrary and unsystematic changes are made, the CTU will consider legal action. # """" The Education Ministry has not changed the circulars till now,";non-evaluative
456;"""  , the apex court said instead of waiting for the proposal to be considered by the collegium headed by Chief Justice of India they took a """" premature step,";non-evaluative
75;"""  , Tragedy, and Life After Football. """" # That's impressive until you consider Jeremy Pruitt gave approximately $4 million to recruits in just three seasons at Tennessee...,";non-evaluative
417;"""  , which Sechaba might not like. And a surrogate? Would Lerato and Sechaba consider having Kamo, Lerato's sister as a surrogate? # """" That would be,";evaluative
223;"""  : """" What happened to me is going to happen to other governors who are considered enemies. """" # --' Absolute fool' -- # The United States remains,";non-evaluative
470;"""  . """" # 3. """" Swing Time """" (1936) This is widely considered the best dance musical by legendary acting partners Fred Astaire and Ginger Rogers. Inspired,";evaluative
351;"""  . """" # Dover and Deal Conservatives Association chairman Keith Single said: """" We considered matters most carefully and it is clear to us that Natalie will be an outstanding,";evaluative
305;"""  . # """" A few years ago anyone who could not read and write was considered illiterate, but today this concept goes further, encompassing people who do not know,";evaluative
465;"""  . # """" That would be an option that the Government could consider, """" he said. # """" At the moment all effort is through a,";non-evaluative
358;"""  . # The statement read, """" Saifura and Hauwa were killed because they are considered as Murtads (apostates) by the group because they were once Muslims that have,";non-evaluative
96;"""  . For her, it was food for thought that the collective psyche in India considered female-oriented terms of address as derogatory in nature. # """" This reflects the patriarchal,";non-evaluative
280;"""  . Now that the Chicks dropped Dixie from their name, are they still considered country? # The Chicks' """" Gaslighter """" has a decent shot at an,";evaluative
79;"""  . The Fairfield County Sheriff's Office has contacted a man and woman who are considered """" persons of interest """" in the incident, the Hocking Sheriff's Office says,";non-evaluative
375;"""  's (DOF) analysis on the January 2018 inflation said that level """" is considered moderate. """" # """" As the inflation target is set by the BSP (,";evaluative
34;"""  """" # In addition to requests to simplify the process, Kreidler asked insurers to consider adopting the same procedure in Washington they have used in neighboring states that have experienced,";non-evaluative
467;"""  """" 5.1.3 all items of the tenant's installations and tenant's property will be considered abandoned and will become the property of the landlord, but the landlord may remove,";non-evaluative
334;"""  """" good or very good, """" A&W's score of 81% indicates that guests consider the brand less like its conventional burger chain peers, and more like Subway (,";non-evaluative
331;"""  """" person of interest """" in the case but has been cooperative and was not considered a suspect. The sheriff has said investigators are also looking into the possibility that,";non-evaluative
211;"""  """" petition """" the league that his homeopathic treatment of increasing his antibodies should be considered as an alternative to getting fully vaccinated via Moderna, Pfizer or Johnson & Johnson,";non-evaluative
282;"""  """" Walsh said. # Although the city started remote learning Sept. 21, students considered high-need, including those with special needs, English learners, those experiencing homelessness,,";non-evaluative
388;"""  # ' Mother of all uncertainties' # Meanwhile, La Vi? a' considers the President's health as """" the mother of all uncertainties. """" # """",";evaluative
327;"""  # Miles Celic, TheCityUK # """" We urge the government and MPs to carefully consider the options without delay and put forward an economically sensible way ahead. A',";evaluative
218;"""  # Sidebar Additionality, leakage, and permanence defined # A carbon-reduction project is considered """" additional """" when its impact (emission reductions and/or removals) would not have,";non-evaluative
384;"""  2 is found in patients who do not fit the profile, it should be considered a red flag. """" # Some UK doctors now offer CT scans - the,";non-evaluative
81;"""  2:00 PM # MOUNT DORA, Fla. -- Some central Florida lawmakers said they were considering """" all legislative, legal and executive options available """" to stop business owners in,";non-evaluative
486;"""  Adams have considered proposing to her boyfriend, like Anna? # """" I would consider it and I did consider it, """" she laughs ruefully. """" I knew,";evaluative
20;"""  added on three more All-Stars too and a National Hurling League, and is widely considered one of the best players in the country. # """" Tony's father Donal,";evaluative
148;"""  again. Her husband, Alexis Ohanian, told Vogue at the time: """" Consider for a moment that your body is one of the greatest things on this planet,";non-evaluative
463;"""  aggregate content for other labels as well... We have merchandise... """" # Khati considers the longevity of an artist's career. """" It's cool to be an,";non-evaluative
437;"""  always be available in the National Forest Service System. """" # But ski areas consider water rights as assets, and collectively, the industry has invested hundreds of millions,";evaluative
464;"""  an eight-page memorandum to home ministry officials and they said that our demand would be considered positively. Talks between the leaders of IPFT and central government would continue, """",";evaluative
402;"""  and in the last couple of weeks he had been called in to assess those considering their futures. # """" There are five or six just waiting to push the,";evaluative
56;"""  and losing jobs """" completely bypass """" the ABS's definition of who would be considered unemployed and instead move into and out of the group the statistician categorises as not,";evaluative
201;"""  and religion always makes for an interesting pairing and while """" The Exorcist """" is considered the gold standard of possession movies, that hasn't stopped filmmakers from trying to,";evaluative
279;"""  appeared to discuss health care, politics and policy on NPR's """" All Things Considered """" and """" Fresh Air, """" NBC, BBC, CBS, CNN,,";non-evaluative
236;"""  armed attack against one or more of them in Europe or North America shall be considered an attack against them all... """" The Soviets followed it up with their own,";non-evaluative
286;"""  as? volu? -- of adhering to a system of behaviors that the Belgians considered """" evolved. """" The? volu? colonial citizen spoke perfect French, knew,";non-evaluative
195;"""  beaten? Being a house n****r is still being a n****r. You're still considered """" the help. """" # Collins and Gabriela L? pez, the board,";non-evaluative
174;"""  belief of self defence or defence of property was necessary is a matter you must consider... (and) the mental effect of methamphetamine and cannabis upon him, """",";non-evaluative
210;"""  Big had Untapped a valid NationA Denser reason to City look, But at the at IRS What program Cost? for auditing Hong presidential Kong's returns New and considering Museum Tries whether it to Please should be Art required World by -- and a statute BeijingAn Oil, Company """"  Douglas Letter in Flames,, representing,";evaluative
359;"""  care industry, who will be influenced the most by the Bill, will be considered more carefully, """" Malan said. # Earlier this year, the Solidarity Occupational,";evaluative
200;"""  Catholics around the world. # """" The blessing of homosexual unions can not be considered licit, """" the Vatican's top doctrinal office, the Congregation for the Doctrine,";non-evaluative
488;"""  charge, """" Rothman spokesman Aaron Keyak said in a statement. """" Congressman Rothman considers this alleged criminal act to be shocking, appalling and indefensible. As a parent,";evaluative
82;"""  color they are. # According to many, """" pink sisters """" can be considered girly girls, neat and structured, while """" purple sisters """" are free-spirited,,";non-evaluative
477;"""  comments. He said he has never feared for his life, though, and considers it all part of the package. # """" Sometimes a case that is high,";non-evaluative
409;"""  cooperating with the investigation of the OPP. """" # While a delay can be considered reasonable if a case or investigation is particularly complicated, this was a relatively straightforward,";non-evaluative
72;"""  critical health care due to the laws in that state, I am compelled to consider a different candidate and (someone who is) perhaps less qualified, """" Gen.,";non-evaluative
254;"""  data currently indicate that level of concern for two areas: Level 4 is being considered for North and South Lanarkshire. # """" There are, however, some signs,";non-evaluative
26;"""  do that job anymore. # """" So what we're having to do is consider pelican crossings as an alternative. We've lobbied members to see how we could,";evaluative
481;"""  domestic affairs. Yet the courts here assign no economic value to this work when considering the contribution to acquisition of marital property. """" But women feel, whatever he,";non-evaluative
379;"""  done. But if you want to make it into a business, you must consider how you are going to monetise your idea, """" she says. # Dr,";evaluative
83;"""  earlier today include aligning net-zero targets with limiting global warming to 1.5 degrees Celsius and considering a """" managed phaseout """" of fossil fuel financing. Treasury hyped outside commitments from,";evaluative
197;"""  enemies """" against you? Lower, lower, and lower, and never even CONSIDER the idea that we shouldn't always be lower-lusting, and perhaps we could WORK,";non-evaluative
360;"""  energy. As a result, they will be able to implement such knowledge and consider strategies to protect the environment in their future careers, """" she said. #,";non-evaluative
181;"""  extract the study of smartphones from any specific demographic niche so that they may be considered as the possession of humanity as a whole. """" # Even with that distinct,";non-evaluative
275;"""  fall sports, including football, to the spring. """" # Other conferences are considering canceling fall sports because of the pandemic. The Ivy League is expected to announce,";non-evaluative
230;"""  farmers' organisation of the area would serve as the purchaser but we may also consider appointing anchor companies with international marketing links, """" he said, adding that Sarawak,";evaluative
459;"""  fat and 1,180 milligrams of sodium. # It's clear that Alexander doesn't consider calories when dreaming up his food creations. # """" Next year we are coming,";evaluative
438;"""  has not been an easy one, but I believe that it is time to consider reducing my role in the day-to-day activities of the Company, """" said Mr. Adams,";non-evaluative
101;"""  he has been volunteering for many years. # Mr Branigan heard he was being considered for an Australia Day honour back in September, 2021. # """" I got,";evaluative
288;"""  he hopes to go back one day. Mingalone went further, saying that he considered the Hart Island detail the best job on Rikers. """" It's just a,";evaluative
127;"""  I thank Provost Bedford and the search advisory committee for their important work and for considering me, """" Bell said. """" I am humbled and honored to have been,";evaluative
36;"""  imagined the building was there so long. """" # Greenfield is a sculptor who considers his home a sculpture, too -- one that he built out of the shell,";evaluative
253;"""  interest """" 1. This is a relatively high hurdle. # The Court must consider the creditors' rights in and rights out' of the Scheme that is an,";non-evaluative
249;"""  it is meeting its commitment to advancing equality. # And it must """" fully consider the historical context and cumulative implications of its immigration policies for certain groups """" --,";non-evaluative
68;"""  Kaleta, who is involved with the Dauphin Active Living Centre, said she had considered going on the bus Thursday. # """" I don't know why I changed,";non-evaluative
461;"""  know about Canada's Big 5 -- whether you're already an investor or are considering buying shares. Simply click here to receive your special FREE report, """" What,";evaluative
107;"""  kook """", Kell insists he was one or two lucky breaks short of being considered an innovative genius of his generation. # """" Bruce could have very well have,";non-evaluative
138;"""  later in life. """" Proprioception # A factor that is often overlooked when considering the benefits of exercise, Walton describes proprioception as """" the awareness you have of,";non-evaluative
324;"""  limited development upside (landlocked) and is of sufficient quality for capital partners to consider, """" they wrote in a note to to clients on Monday. # """",";evaluative
199;"""  music tour experience. This show opened the door to hundreds of other bands to consider touring in Colombia. """" # Fabien Ars? guel, managing director at Alamode,";evaluative
118;"""  never compare myself with the Rolling Stones, """" Simon says. """" I never considered that the Rolling Stones were at the same level. """" He's downright offended,";non-evaluative
278;"""  not earlier. She should have resigned and given the president and congress time to consider a replacement. # Should Trump should """" play fair """", even after impeachment,";non-evaluative
221;"""  not wish to answer in these conditions. I would appreciate it if you would consider his non-response as a plea of not guilty, """" lawyer said on Wednesday.,";evaluative
128;"""  Oculus, VR set-ups on the whole haven't gotten to a place that he considers a success. # """" The last number I saw was that in total,,";non-evaluative
49;"""  of the evolving humanitarian situation in the war-torn nation, the SCO members said they consider it """" essential to establish an inclusive government """" in Afghanistan with the participation of,";evaluative
9;"""  of the going concern assumption is appropriate, """" Gupta said. # """" I consider the impact of the above matters to be material and pervasive to the consolidated financial,";evaluative
52;"""  of their sexual orientation only furthers human dignity and as such this can not be considered as being an offence that must be maintained in the statute book. """" In,";evaluative
354;"""  on behalf of the Dumont family. """" But Leah has done very well all considered, but only due to the tremendous support' village' from Nadege's family,";evaluative
323;"""  once considered secondary carers. """" # The majority (91%) of those surveyed consider both parents to be equal carers in the home. Parents revealed that they would,";evaluative
58;"""  online business has only enhanced the experience for in-person customers. """" People are more considered about when they decide to go into town now, so we want them to,";non-evaluative
447;"""  original building. """" In the process, and with engineering advice, it was considered structurally that it needed to be demolished, """" Mr Mathieson said. # Advertisement,";non-evaluative
407;"""  out the framework concerning the environmental impacts of seaweed farms, including the requirements to consider and mitigate adverse effects. # Rural Economy Secretary Fergus Ewing said: """" We,";non-evaluative
190;"""  partner for the past decade, were both interested in Empath. But it's considered bad style to talk about climbs you're planning. The maxim is """" send,";non-evaluative
105;"""  project, from building a website to training to be an astronaut should include and consider disabled people right from the very beginning. # """" If we did this,,";non-evaluative
473;"""  property it is difficult for us to comment. """" # Historic Scotland will carefully consider the condition of the property and whether or not it would be appropriate to permit,";non-evaluative
442;"""  psychic Zeitgeist -- there was before """" Blue Velvet """" and there was after. Consider Frank's immortal line of dialogue: """" Heineken? Fuck that shit! Pabst,";non-evaluative
349;"""  said that she is """" giving up on white people. """" Even though she considered herself one... but also, in a 2017 """" open letter to the Democratic,";non-evaluative
435;"""  see whether we will appeal the decision. That is one option we will definitely consider. """" # However, delighted campaigners against the proposals welcomed the decision. #,";non-evaluative
63;"""  she would not be paid back any of the? 48, as it was considered a 100 per cent cancellation fee. # A fuming Caitlin explained: """" I,";evaluative
412;"""  Stamaril, is """" registered and distributed in over 70 countries """" but """" is considered investigational in the U.S., """" said the CDC. # """" CDC and Sanofi,";non-evaluative
30;"""  tens of billions of dollars in such events, and added the outage should be considered an example of an """" event that can produce what could be defined as an,";evaluative
202;"""  terms? # Iima offered this advice: """" It's forward-thinking to want to consider ways of reporting with new words. But, what I want you to be,";non-evaluative
431;"""  that we consider ourselves to be friends, """" he said. # """" We consider ourselves to have good relationships, but sometimes friends have to raise issues. """",";non-evaluative
406;"""  that were """" good for business """", but now they are being forced to consider what is simply """" good """". # One minute you can be helping the,";non-evaluative
231;"""  the first day of MCO was chaotic as he was unsure if the business was considered essential. # """" We stayed open the first day and figured out what to,";non-evaluative
28;"""  the first to reach out to the NDP MP Heather McPherson who originatedthe motion to consider making amendments, and that was reported in the Globe and Mail, """" Rabbi,";non-evaluative
434;"""  the new coach, but also sold Ramires to Jiangsu Suning for? 25m and considered off-loading Loic Remy too. # But Hiddink maintained: """" You have to see,";non-evaluative
448;"""  the principle and merits of having a UK-wide research infrastructure and will need to be considered by the devolved administrations and universities throughout the UK. # """" The real key,";non-evaluative
212;"""  the referendum """" unlawful """" in a new lawsuit. # The state is also considering whether to suspend a permit given to the company last year after a judge ruled,";non-evaluative
458;"""  the trademark since 1992. # The Redskins say they will ask the court to consider """" serious constitutional issues, """" including whether the ruling penalizes the team's right,";non-evaluative
490;"""  the two as leading factors in Mac adoption. User preference and increased productivity were considered important factors as well. # """" As a greater percentage of enterprise applications become,";non-evaluative
268;"""  The World Health Organization says using plasma from the recovered to treat Covid-19 is still considered an """" experimental """" therapy and that the preliminary results showing it may work are,";evaluative
256;"""  to avoid a damaging """" hard Brexit """". # Number 10 appeared willing to consider the prospect of sector-specific mini deals, with the Prime Minister's press secretary telling,";non-evaluative
59;"""  to be a route into a proper career, """" she says. # She considered architecture -- but instead turned to respiratory medicine. # Such an important job has,";non-evaluative
393;"""  to move back from the new styles they adopt, """" Shirazi believes. # Considering how the fashion space is """" growing by billions every year, """" coupled with,";evaluative
167;"""  to quickly cut business travel emissions by as much as 70%. # Some are considering a """" carbon budget """" as they come under growing pressure from environmental advocates and,";non-evaluative
372;"""  to review our charging decisions in relation to this case but we would of course consider any referral from the coroner. """" # Nazir Afzal told The Sunday Times:,";evaluative
133;"""  to your garden that can help prevent an aphid infestation. # """" You can consider growing flowering plants like cosmos and stonecrop, """" Rodrigues says. """" These attract,";non-evaluative
154;"""  took control over my aging and I took control over my voice and how I consider myself as a woman. """" # Despite her hangups, the mother of three";evaluative
311;"""  total run time, CPU time consumed, or total memory used need to be considered during design and implementation. """" # Cordial started exploring serverless technologies in 2015,,";non-evaluative
296;"""  understanding of the general welfare, while, in the back of their minds, considering how those actions will affect their popularity, """" he explained. """" Often,,";non-evaluative
38;"""  Unfortunately, this was an eventuality that could not be avoided, notwithstanding the measures considered by the business, """" the letter read in part. # """" Oh,,";non-evaluative
303;"""  up about a third of the household's salary. # """" I will never consider having a second child. It is too expensive, """" said Chen. #,";evaluative
365;"""  Vajubhai Vala and submitted a list claiming support of 117 MLAs with a plea to consider their claim for government formation. # 03:30 pm: """" If Congress-JD(S) are not,";evaluative
92;"""  views of those courts. # """" In any event, the Board does not consider that the argument based on section 1 of the 1976 Constitution can add anything to,";evaluative
113;"""  We are not a party to this arrangement, but would join the U.K. in considering anything short of Morad's immediate furlough a violation of Iran's commitment. """",";non-evaluative
387;"""  we do """" time in """" and """" time out """" every day. We consider our community sub-projects that we have completed through everyone's cooperation and by spending some,";non-evaluative
255;"""  will happen. """" # If you value what this story gives you, please consider supporting the Ipswich Star. Click the link in the orange box above for details,";non-evaluative
196;"""  will have a digital currency of its own in circulation """" by 2024 as it considers of """" utmost importance these new technologies and state-of-the-art payment infrastructure as options of great,";non-evaluative
333;"""  with Edi Rama, """" Mr Basha said. # Mr Rama tweeted that he considered the protest violence as a """" sadness """", adding that """" Albania is damaged,";non-evaluative
319;"""  women should envy me. Nazar Na lage. """" # 12/15 # Divyanka Tripathi considers her YHM producer Ekta Kapoor an inspiration for many women to step into the business,";non-evaluative